id,bg_name,year,popularity,best_for,weigth
1,Gloomhaven,2017,49841,3.0,3.87
2,Pandemic Legacy: Season 1,2015,46275,4.0,2.83
3,Brass: Birmingham,2018,27744,4.0,3.9
4,Terraforming Mars,2016,77724,3.0,3.25
5,Gloomhaven: Jaws of the Lion,2020,18970,2.0,3.59
6,Twilight Imperium: Fourth Edition,2017,16967,6.0,4.26
7,Gaia Project,2017,20445,4.0,4.37
8,Star Wars: Rebellion,2016,26489,2.0,3.73
9,Spirit Island,2017,34729,2.0,4.04
10,War of the Ring: Second Edition,2011,16188,2.0,4.18
11,Through the Ages: A New Story of Civilization,2015,26483,3.0,4.42
12,Great Western Trail,2016,34202,3.0,3.71
13,Twilight Struggle,2005,43825,2.0,3.6
14,Scythe,2016,67404,4.0,3.43
15,Dune: Imperium,2020,19282,4.0,2.99
16,The Castles of Burgundy,2011,52186,2.0,3.0
17,Nemesis,2018,19523,5.0,3.39
18,7 Wonders Duel,2015,73122,2.0,2.22
19,Concordia,2013,32797,4.0,3.01
20,Brass: Lancashire,2007,21408,4.0,3.86
21,Terra Mystica,2012,42721,4.0,3.97
22,A Feast for Odin,2016,21609,3.0,3.85
23,Wingspan,2019,61119,3.0,2.44
24,Arkham Horror: The Card Game,2016,34780,2.0,3.49
25,Root,2018,34170,4.0,3.73
26,Viticulture Essential Edition,2015,36915,4.0,2.89
27,Everdell,2018,32618,3.0,2.81
28,Clank!: Legacy – Acquisitions Incorporated,2019,5678,4.0,2.7
29,Orléans,2014,25556,4.0,3.04
30,Mage Knight Board Game,2011,29956,2.0,4.33
31,Eclipse: Second Dawn for the Galaxy,2020,6547,4.0,3.59
32,Lost Ruins of Arnak,2020,21695,3.0,2.87
33,Ark Nova,2021,5456,2.0,3.74
34,Food Chain Magnate,2015,16113,4.0,4.21
35,Puerto Rico,2002,66278,4.0,3.28
36,Caverna: The Cave Farmers,2013,30424,4.0,3.79
37,Marvel Champions: The Card Game,2019,15636,2.0,2.87
38,Blood Rage,2015,39032,4.0,2.88
39,Too Many Bones,2017,8399,3.0,3.85
40,Barrage,2019,10457,4.0,4.07
41,Agricola,2007,67126,4.0,3.64
42,Maracaibo,2019,11616,3.0,3.89
43,Underwater Cities,2018,13720,2.0,3.6
44,Pax Pamir: Second Edition,2019,7830,4.0,3.81
45,Pandemic Legacy: Season 2,2017,14193,4.0,3.24
46,Mansions of Madness: Second Edition,2016,29731,4.0,2.67
47,The Crew: The Quest for Planet Nine,2019,27955,4.0,1.98
48,Anachrony,2017,13941,3.0,4.01
49,Tzolk'in: The Mayan Calendar,2012,34137,4.0,3.67
50,Power Grid,2004,59585,5.0,3.26
51,Clans of Caledonia,2017,17356,4.0,3.46
52,On Mars,2020,8476,3.0,4.65
53,Kingdom Death: Monster,2015,8340,4.0,4.26
54,Mechs vs. Minions,2016,15505,4.0,2.43
55,Le Havre,2008,28587,3.0,3.73
56,Star Wars: Imperial Assault,2014,22252,2.0,3.3
57,The 7th Continent,2017,19449,2.0,2.9
58,The Quacks of Quedlinburg,2018,32675,4.0,1.95
59,Crokinole,1876,13987,2.0,1.25
60,The Gallerist,2015,11599,4.0,4.26
61,Lisboa,2017,8266,3.0,4.57
62,Azul,2017,66699,2.0,1.77
63,Eclipse,2011,27040,4.0,3.7
64,Paladins of the West Kingdom,2019,12196,2.0,3.7
65,Aeon's End,2016,14881,2.0,2.79
66,Through the Ages: A Story of Civilization,2006,18498,3.0,4.17
67,Android: Netrunner,2012,28038,2.0,3.4
68,Pandemic Legacy: Season 0,2020,4283,0.0,3.04
69,Race for the Galaxy,2007,49816,2.0,2.99
70,Clank!: A Deck-Building Adventure,2016,33523,3.0,2.22
71,Fields of Arle,2014,9367,2.0,3.87
72,Robinson Crusoe: Adventures on the Cursed Island,2012,38110,0.0,3.8
73,Teotihuacan: City of Gods,2018,15933,4.0,3.77
74,Five Tribes,2014,35802,2.0,2.85
75,The Voyages of Marco Polo,2015,22318,4.0,3.19
76,7 Wonders,2010,92151,5.0,2.33
77,Agricola (Revised Edition),2016,12527,4.0,3.5
78,The Crew: Mission Deep Sea,2021,4866,4.0,2.01
79,Lords of Waterdeep,2012,49702,4.0,2.46
80,Dominant Species,2010,19051,4.0,4.04
81,Grand Austria Hotel,2015,15316,2.0,3.22
82,Tainted Grail: The Fall of Avalon,2019,8786,2.0,3.3
83,Architects of the West Kingdom,2018,21874,4.0,2.76
84,Cascadia,2021,8273,3.0,1.9
85,Keyflower,2012,20528,4.0,3.34
86,El Grande,1995,25001,5.0,3.05
87,Caylus,2005,27748,3.0,3.8
88,Battlestar Galactica: The Board Game,2008,34356,5.0,3.25
89,Twilight Imperium: Third Edition,2005,18748,6.0,4.25
90,Troyes,2010,20702,3.0,3.46
91,Dominion: Intrigue,2009,31620,3.0,2.42
92,The Lord of the Rings: Journeys in Middle-Earth,2019,12086,2.0,2.6
93,Mombasa,2015,11889,4.0,3.89
94,Raiders of the North Sea,2015,19181,3.0,2.54
95,Eldritch Horror,2013,32198,4.0,3.32
96,Kanban EV,2020,3549,3.0,4.36
97,Lorenzo il Magnifico,2016,11239,4.0,3.3
98,Tigris & Euphrates,1997,26574,4.0,3.51
99,Patchwork,2014,54431,2.0,1.62
100,Rising Sun,2018,18095,5.0,3.28
101,Russian Railroads,2013,16212,4.0,3.41
102,The Isle of Cats,2019,13286,3.0,2.31
103,Decrypto,2018,15549,4.0,1.79
104,Trajan,2011,15888,4.0,3.65
105,Inis,2016,15234,4.0,2.88
106,Codenames,2015,76779,6.0,1.28
107,Dominion,2008,82930,3.0,2.35
108,Roll for the Galaxy,2014,28827,4.0,2.78
109,Clank! In! Space!: A Deck-Building Adventure,2017,11312,3.0,2.53
110,Aeon's End: War Eternal,2017,4364,2.0,2.93
111,Champions of Midgard,2015,15069,4.0,2.59
112,Cartographers,2019,18973,4.0,1.89
113,Trickerion: Legends of Illusion,2015,8149,4.0,4.22
114,Cthulhu: Death May Die,2019,6535,3.0,2.4
115,Yokohama,2016,10129,3.0,3.29
116,Pandemic: Iberia,2016,9082,4.0,2.58
117,Pandemic,2008,111442,4.0,2.41
118,Sleeping Gods,2021,3864,2.0,3.17
119,Beyond the Sun,2020,6576,3.0,3.1
120,PARKS,2019,14811,3.0,2.16
121,Forbidden Stars,2015,8178,3.0,3.83
122,Sherlock Holmes Consulting Detective: The Thames Murders & Other Cases,1982,18972,2.0,2.67
123,Res Arcana,2019,15432,2.0,2.61
124,Kemet,2012,17534,5.0,3.0
125,Vinhos Deluxe Edition,2016,5199,4.0,4.06
126,Endeavor: Age of Sail,2018,7599,4.0,2.81
127,Age of Steam,2002,9648,4.0,3.9
128,Alchemists,2014,20090,4.0,3.91
129,Targi,2012,18061,2.0,2.35
130,Star Realms,2014,39512,2.0,1.94
131,Watergate,2019,7774,2.0,2.26
132,Legendary Encounters: An Alien Deck Building Game,2014,12190,3.0,2.7
133,Stone Age,2008,48117,4.0,2.47
134,Star Wars: X-Wing Miniatures Game,2012,23968,2.0,2.49
135,It's a Wonderful World,2019,11104,4.0,2.3
136,Hansa Teutonica,2009,13016,5.0,3.11
137,Ticket to Ride: Europe,2005,65151,4.0,1.93
138,Welcome To...,2018,23135,4.0,1.83
139,Istanbul,2014,27761,4.0,2.59
140,The Lord of the Rings: The Card Game,2011,22338,2.0,3.19
141,Azul: Summer Pavilion,2019,10943,3.0,2.04
142,That's Pretty Clever!,2018,18542,2.0,1.88
143,The Quest for El Dorado,2017,16698,2.0,1.93
144,Just One,2018,17365,7.0,1.05
145,Descent: Journeys in the Dark (Second Edition),2012,23936,5.0,3.21
146,Chaos in the Old World,2009,14806,4.0,3.2
147,War of the Ring,2004,10241,2.0,3.84
148,Obsession,2018,3907,2.0,3.16
149,Rajas of the Ganges,2017,10949,4.0,2.89
150,Concordia Venus,2018,3617,4.0,3.06
151,Xia: Legends of a Drift System,2014,8492,3.0,3.18
152,Marco Polo II: In the Service of the Khan,2019,5117,3.0,3.38
153,Jaipur,2009,42699,2.0,1.48
154,The Search for Planet X,2020,4586,3.0,2.34
155,Praga Caput Regni,2020,5144,3.0,3.74
156,Memoir '44,2004,27277,2.0,2.27
157,Dead of Winter: A Crossroads Game,2014,42170,4.0,3.01
158,Horrified,2019,10706,3.0,2.04
159,The Resistance: Avalon,2012,29464,8.0,1.76
160,Magic: The Gathering,1993,35212,2.0,3.23
161,Viscounts of the West Kingdom,2020,6195,3.0,3.44
162,Railways of the World,2005,11522,5.0,3.02
163,Castles of Mad King Ludwig,2014,23506,4.0,2.66
164,Glen More II: Chronicles,2019,5596,3.0,3.05
165,Ora et Labora,2011,10262,3.0,3.89
166,Cosmic Encounter,2008,29400,5.0,2.58
167,A Game of Thrones: The Board Game (Second Edition),2011,30892,6.0,3.72
168,This War of Mine: The Board Game,2017,10360,1.0,3.29
169,Sagrada,2017,31871,2.0,1.93
170,Dinosaur Island,2017,13714,4.0,3.03
171,Sekigahara: The Unification of Japan,2011,4974,2.0,2.8
172,Commands & Colors: Ancients,2006,8236,2.0,2.69
173,Suburbia,2012,22843,3.0,2.77
174,Ticket to Ride: Nordic Countries,2007,12614,3.0,1.98
175,Calico,2020,10343,2.0,2.21
176,Tyrants of the Underdark,2016,6346,4.0,2.55
177,Near and Far,2017,8711,3.0,2.86
178,Village,2011,21471,4.0,3.07
179,Captain Sonar,2016,17941,8.0,2.18
180,War Chest,2018,6094,2.0,2.31
181,Combat Commander: Europe,2006,5640,2.0,3.25
182,Nations,2013,11616,4.0,3.54
183,Star Realms: Colony Wars,2015,6971,2.0,1.92
184,Coimbra,2018,10041,3.0,3.27
185,Detective: A Modern Crime Board Game,2018,8728,2.0,2.74
186,Undaunted: Normandy,2019,7071,2.0,2.24
187,Paths of Glory,1999,4749,2.0,3.84
188,Codenames: Duet,2017,17799,2.0,1.35
189,Splendor,2014,66934,3.0,1.79
190,Go(,2200,15763,2.0,3.94
191,Chronicles of Crime,2018,18139,2.0,2.08
192,Ra,1999,20025,4.0,2.35
193,Space Base,2018,12546,4.0,2.11
194,Dominion (Second Edition),2016,6325,3.0,2.16
195,La Granja,2014,9765,3.0,3.57
196,Tichu,1991,14095,4.0,2.34
197,Carcassonne,2000,111287,2.0,1.9
198,Ticket to Ride,2004,78058,4.0,1.84
199,T.I.M.E Stories,2015,25536,4.0,2.6
200,Under Falling Skies,2020,5995,1.0,2.46
201,Cyclades,2009,19282,5.0,2.82
202,Legendary: A Marvel Deck Building Game,2012,21072,3.0,2.44
203,Zombicide: Black Plague,2015,14078,3.0,2.5
204,Kanban: Driver's Edition,2014,6288,4.0,4.36
205,YINSH,2003,8020,2.0,2.68
206,Dune,2019,5294,6.0,3.97
207,Santorini,2016,32758,2.0,1.73
208,Secret Hitler,2016,21834,8.0,1.67
209,Terraforming Mars: Ares Expedition,2021,6960,3.0,2.91
210,MicroMacro: Crime City,2020,8391,2.0,1.13
211,Roll Player,2016,16491,3.0,2.41
212,Deception: Murder in Hong Kong,2014,18636,8.0,1.59
213,Century: Golem Edition,2017,9028,3.0,1.68
214,Goa,2004,11153,4.0,3.37
215,The Princes of Florence,2000,14859,5.0,3.25
216,Sushi Go Party!,2016,27095,5.0,1.31
217,Dwellings of Eldervale,2020,3508,3.0,3.23
218,Hanamikoji,2013,13758,2.0,1.72
219,Nidavellir,2020,7521,3.0,2.14
220,Flamme Rouge,2016,14494,4.0,1.69
221,Modern Art,1992,18668,5.0,2.3
222,Arcadia Quest,2014,9736,4.0,2.53
223,Hero Realms,2016,14507,2.0,1.89
224,Galaxy Trucker,2007,31504,4.0,2.33
225,Shogun,2006,13229,5.0,3.37
226,Isle of Skye: From Chieftain to King,2015,22562,4.0,2.24
227,Viticulture,2013,11549,4.0,2.93
228,Steam,2009,9837,4.0,3.46
229,1830: Railways & Robber Barons,1986,5081,5.0,4.16
230,Aeon's End: Legacy,2019,3751,2.0,2.84
231,Glory to Rome,2005,13417,4.0,2.93
232,1960: The Making of the President,2007,8866,2.0,3.2
233,Lewis & Clark: The Expedition,2013,14181,3.0,3.34
234,The Taverns of Tiefenthal,2019,9468,3.0,2.7
235,Pulsar 2849,2017,7237,4.0,3.35
236,Samurai,1998,15354,3.0,2.48
237,Bora Bora,2013,9506,4.0,3.74
238,Too Many Bones: Undertow,2018,2252,2.0,4.02
239,Kingdomino,2016,38627,2.0,1.22
240,My City,2020,5457,4.0,2.02
241,Power Grid Deluxe: Europe/North America,2014,4039,5.0,3.19
242,Seasons,2012,22467,2.0,2.77
243,Dixit: Odyssey,2011,18501,6.0,1.18
244,"Unmatched: Battle of Legends, Volume One",2019,5242,2.0,1.9
245,Star Wars: Outer Rim,2019,7906,3.0,2.49
246,Imperial,2006,8450,4.0,3.57
247,Rococo,2013,8160,3.0,3.09
248,KLASK,2014,7286,2.0,1.08
249,Tapestry,2019,15386,3.0,2.9
250,Dungeon Petz,2011,13715,4.0,3.62
251,Western Legends,2018,8517,4.0,2.8
252,Battle Line,2000,16377,2.0,1.9
253,Fantasy Realms,2017,9055,3.0,1.74
254,Paleo,2020,5406,3.0,2.63
255,Fury of Dracula (Third/Fourth Edition),2015,12813,3.0,3.25
256,The Manhattan Project: Energy Empire,2016,5336,4.0,3.05
257,Age of Empires III: The Age of Discovery,2007,10012,5.0,3.13
258,Unmatched: Cobble & Fog,2020,3261,2.0,1.96
259,Imperial Settlers,2014,22615,2.0,2.77
260,Vindication,2018,5475,4.0,3.06
261,Space Alert,2008,15296,5.0,2.96
262,Navegador,2010,8534,4.0,3.09
263,Ethnos,2017,11298,4.0,2.03
264,Hive,2000,32503,2.0,2.32
265,Indonesia,2005,4235,4.0,3.97
266,The Red Cathedral,2020,5045,3.0,2.8
267,Summoner Wars: Master Set,2011,10656,2.0,2.51
268,Onitama,2014,18040,2.0,1.68
269,Lords of Hellas,2018,6345,4.0,3.34
270,Dead of Winter: The Long Night,2016,8798,4.0,3.37
271,Exit: The Game – The Abandoned Cabin,2016,10026,2.0,2.54
272,Runewars,2010,7989,4.0,3.79
273,Alien Frontiers,2010,14591,4.0,2.57
274,Cryptid,2018,9878,4.0,2.22
275,Imperial 2030,2009,6148,4.0,3.51
276,Nemo's War (Second Edition),2017,4243,1.0,3.18
277,Antiquity,2004,4091,3.0,4.31
278,Burgle Bros.,2015,9481,3.0,2.32
279,Telestrations,2009,14711,8.0,1.08
280,Forgotten Waters,2020,3785,5.0,2.1
281,Century: Spice Road,2017,21225,4.0,1.78
282,BattleLore: Second Edition,2013,5986,2.0,2.7
283,Cthulhu Wars,2015,4999,4.0,3.14
284,Hannibal: Rome vs. Carthage,1996,4853,2.0,3.45
285,Hallertau,2020,3346,2.0,3.31
286,Glass Road,2013,10008,2.0,2.97
287,Heaven & Ale,2017,7340,4.0,3.23
288,Camel Up (Second Edition),2018,6623,6.0,1.46
289,Tiny Epic Galaxies,2015,17619,3.0,2.15
290,Arboretum,2015,15894,2.0,2.15
291,Tikal,1999,18785,4.0,2.79
292,Bruges,2013,10855,3.0,2.75
293,Small World,2009,65631,4.0,2.35
294,Above and Below,2015,14247,3.0,2.52
295,Dungeon Lords,2009,13287,4.0,3.56
296,Love Letter,2012,60733,4.0,1.19
297,Mage Wars Arena,2012,7618,2.0,3.68
298,Arkham Horror (Third Edition),2018,6800,3.0,3.33
299,Sid Meier's Civilization: The Board Game,2010,15020,4.0,3.89
300,Acquire,1964,18910,4.0,2.5
301,Mysterium,2015,36474,6.0,1.9
302,Survive: Escape from Atlantis!,1982,22667,4.0,1.7
303,Letters from Whitechapel,2011,14676,2.0,2.65
304,Merchants & Marauders,2010,13304,4.0,3.24
305,Bärenpark,2017,14600,4.0,1.64
306,Mission: Red Planet (Second Edition),2015,9850,4.0,2.2
307,Neuroshima Hex! 3.0,2006,14012,2.0,2.62
308,Dixit,2008,55993,6.0,1.21
309,Ankh: Gods of Egypt,2021,4275,2.0,3.05
310,The Resistance,2009,37903,7.0,1.6
311,Takenoko,2011,39078,3.0,1.97
312,Ghost Stories,2008,20233,4.0,2.9
313,Bunny Kingdom,2017,9469,4.0,2.27
314,Agricola: All Creatures Big and Small,2012,12937,2.0,2.35
315,Star Wars: Armada,2015,4974,2.0,3.15
316,Monikers,2015,4364,6.0,1.06
317,Awkward Guests,2016,5556,4.0,2.31
318,Star Realms: Frontiers,2018,3567,2.0,1.88
319,Altiplano,2017,7935,3.0,3.31
320,Harry Potter: Hogwarts Battle,2016,14881,0.0,2.09
321,For Sale,1997,26429,5.0,1.26
322,51st State: Master Set,2016,5887,2.0,2.91
323,Great Western Trail (Second Edition),2021,1930,3.0,3.64
324,Evolution: Climate,2016,6890,4.0,2.77
325,Lost Cities,1999,40522,2.0,1.49
326,San Juan,2004,22884,3.0,2.29
327,Tekhenu: Obelisk of the Sun,2020,4097,3.0,4.09
328,Here I Stand,2006,3698,6.0,4.18
329,Notre Dame,2007,12713,4.0,2.75
330,Die Macher,1986,5452,5.0,4.32
331,Nusfjord,2017,5200,1.0,2.86
332,At the Gates of Loyang,2009,10415,2.0,3.12
333,The Pillars of the Earth,2006,16960,4.0,2.82
334,Gùgōng,2018,7341,3.0,3.1
335,Gizmos,2018,9158,3.0,2.01
336,Blood Bowl: Team Manager – The Card Game,2011,10791,4.0,2.33
337,Dice Throne: Season Two – Battle Chest,2018,3094,2.0,2.16
338,Bonfire,2020,4066,3.0,3.63
339,Endeavor,2009,9242,5.0,2.91
340,Aeon's End: The New Age,2019,1916,2.0,2.93
341,Hadrian's Wall,2021,2727,1.0,3.13
342,Saint Petersburg,2004,15164,4.0,2.46
343,Carpe Diem,2018,6028,3.0,2.52
344,Mythic Battles: Pantheon,2017,2815,2.0,3.04
345,Bruxelles 1893,2013,5064,4.0,3.59
346,In the Year of the Dragon,2007,11309,5.0,3.1
347,Innovation,2010,16203,2.0,2.75
348,Tiny Towns,2019,14172,3.0,2.07
349,Sherlock Holmes Consulting Detective: Jack the Ripper & West End Adventures,2016,4914,2.0,2.2
350,Azul: Stained Glass of Sintra,2018,10767,3.0,2.01
351,Ticket to Ride: Märklin,2006,8892,4.0,2.24
352,Newton,2018,5432,3.0,3.4
353,The Great Zimbabwe,2012,3710,4.0,3.7
354,King of Tokyo,2011,62653,5.0,1.49
355,Sword & Sorcery,2017,4226,1.0,4.06
356,Clash of Cultures,2012,5436,4.0,3.6
357,Ginkgopolis,2012,6186,3.0,2.92
358,Abyss,2014,12092,4.0,2.34
359,Pandemic: Fall of Rome,2018,4799,3.0,2.44
360,The Godfather: Corleone's Empire,2017,6544,4.0,2.62
361,Nippon,2015,4542,4.0,3.78
362,London (Second Edition),2017,5578,3.0,2.72
363,San Juan (Second Edition),2014,6519,3.0,2.07
364,Claustrophobia,2009,6819,2.0,2.48
365,Civilization,1980,7247,7.0,3.66
366,Maria,2009,3047,3.0,3.5
367,Downforce,2017,10381,3.0,1.73
368,Codenames: Pictures,2016,19185,6.0,1.25
369,Dune,1979,5640,6.0,3.45
370,Advanced Squad Leader,1985,3633,2.0,4.74
371,Chinatown,1999,9413,5.0,2.26
372,Dice Forge,2017,17695,4.0,1.96
373,Space Hulk (Third Edition),2009,6889,2.0,2.78
374,Destinies,2021,4132,2.0,1.93
375,Twice as Clever!,2019,6604,2.0,2.35
376,Stockpile,2015,6185,5.0,2.12
377,Arkham Horror,2005,37864,4.0,3.58
378,Marvel United,2020,5191,3.0,1.82
379,Meadow,2021,3700,2.0,2.21
380,Mice and Mystics,2012,17955,4.0,2.72
381,Macao,2009,7175,3.0,3.14
382,The Manhattan Project,2012,9442,4.0,2.96
383,The King's Dilemma,2019,3492,5.0,2.29
384,Fresco,2010,12405,4.0,2.64
385,Thunderstone Quest,2018,3677,2.0,2.84
386,Santa Maria,2017,5946,3.0,3.05
387,Millennium Blades,2016,4382,4.0,3.68
388,Firefly: The Game,2013,11099,3.0,2.96
389,Flash Point: Fire Rescue,2011,22340,4.0,2.2
390,Spartacus: A Game of Blood and Treachery,2012,7801,4.0,2.71
391,Biblios,2007,16211,3.0,1.68
392,Sprawlopolis,2018,7056,1.0,1.85
393,Charterstone,2017,13136,6.0,2.84
394,A Few Acres of Snow,2011,7653,2.0,3.04
395,Anno 1800,2020,3444,3.0,3.17
396,Point Salad,2019,12782,0.0,1.17
397,Imperial Settlers: Empires of the North,2019,5530,2.0,2.82
398,Kingsburg,2007,18891,4.0,2.43
399,Lancaster,2011,6995,4.0,2.99
400,Schotten Totten,1999,9085,2.0,1.72
401,Blood Bowl: Living Rulebook,2004,3398,2.0,3.17
402,Quadropolis,2016,11944,4.0,2.21
403,Skull,2011,17372,6.0,1.13
404,Heroscape Master Set: Rise of the Valkyrie,2004,7967,2.0,2.29
405,Glen More,2010,8947,4.0,2.67
406,Pandemic: Reign of Cthulhu,2016,8912,4.0,2.17
407,Wavelength,2019,7269,6.0,1.11
408,Risk Legacy,2011,7941,5.0,2.59
409,Lord of the Rings: The Confrontation,2005,5917,2.0,2.2
410,Smartphone Inc.,2018,3999,5.0,2.74
411,Amerigo,2013,5785,4.0,2.98
412,Pandemic: The Cure,2014,9978,4.0,2.06
413,BattleLore,2006,9181,2.0,2.77
414,Commands & Colors: Napoleonics,2010,2856,2.0,2.74
415,PitchCar,1995,10184,6.0,1.13
416,Sheriff of Nottingham,2014,32143,5.0,1.65
417,Amun-Re,2003,8775,5.0,3.04
418,Radlands,2021,2281,2.0,2.22
419,Mystic Vale,2016,10184,2.0,2.25
420,Oath: Chronicles of Empire and Exile,2021,3390,4.0,4.01
421,Blood Bowl (Third Edition),1994,5413,2.0,2.98
422,1775: Rebellion,2013,3946,2.0,2.24
423,Descent: Journeys in the Dark,2005,11511,5.0,3.34
424,Mansions of Madness,2011,13154,5.0,3.24
425,Forbidden Desert,2013,27838,4.0,2.05
426,Shadows of Brimstone: City of the Ancients,2014,3623,4.0,3.35
427,Exit: The Game – Dead Man on the Orient Express,2017,3941,2.0,2.71
428,Raptor,2015,8833,2.0,2.08
429,Colt Express,2014,27652,6.0,1.82
430,Chess,1475,31627,2.0,3.68
431,Pipeline,2019,3902,3.0,3.9
432,Stuffed Fables,2018,5690,4.0,2.41
433,Black Orchestra,2016,5196,3.0,2.41
434,"Labyrinth: The War on Terror, 2001 – ?",2010,4594,2.0,3.63
435,Deus,2014,8006,0.0,2.85
436,The King Is Dead: Second Edition,2020,3271,3.0,2.14
437,Hanabi,2010,42578,4.0,1.69
438,Citadels,2000,50877,5.0,2.05
439,Mandala,2019,3960,2.0,1.78
440,Shadows over Camelot,2005,26327,7.0,2.57
441,Middara: Unintentional Malum – Act 1,2019,1856,4.0,4.03
442,Citadels,2016,9960,5.0,2.01
443,Madeira,2013,4168,4.0,4.3
444,Catan,1995,110772,4.0,2.31
445,Lords of Vegas,2010,6975,4.0,2.36
446,Friday,2011,18485,1.0,2.15
447,Sidereal Confluence,2017,3191,6.0,3.55
448,Betrayal Legacy,2018,3960,5.0,2.86
449,BattleCON: Devastation of Indines,2013,3088,2.0,3.09
450,Skull King,2013,5725,5.0,1.71
451,Fire in the Lake,2014,2467,4.0,4.1
452,Freedom: The Underground Railroad,2012,4119,0.0,2.9
453,Raiders of Scythia,2020,2953,3.0,2.67
454,First Class: All Aboard the Orient Express!,2016,5254,4.0,2.78
455,Junk Art,2016,6258,6.0,1.22
456,Oceans,2020,4528,3.0,2.82
457,London,2010,6401,3.0,2.88
458,Legends of Andor,2012,16794,4.0,2.76
459,Archipelago,2012,7735,4.0,3.74
460,Imhotep,2016,13545,4.0,2.0
461,Small World Underground,2011,10305,4.0,2.59
462,Argent: The Consortium,2015,3573,3.0,3.81
463,The Grizzled,2015,13349,5.0,1.96
464,Cloudspire,2019,2246,2.0,4.3
465,Euphoria: Build a Better Dystopia,2013,10030,5.0,3.12
466,Railroad Ink: Deep Blue Edition,2018,9605,2.0,1.48
467,Time's Up! Title Recall!,2008,3329,6.0,1.19
468,Potion Explosion,2015,15885,0.0,1.76
469,King of Tokyo: Dark Edition,2020,3374,5.0,1.65
470,The Fox in the Forest,2017,11657,2.0,1.58
471,Roads & Boats,1999,3213,2.0,4.19
472,Sentinels of the Multiverse,2011,15357,4.0,2.51
473,Escape Plan,2019,4269,4.0,3.69
474,Thurn and Taxis,2006,18887,4.0,2.26
475,Libertalia,2012,13222,4.0,2.24
476,Hadara,2019,5080,5.0,2.2
477,No Thanks!,2004,22578,5.0,1.14
478,Ingenious,2004,16217,2.0,1.91
479,1846: The Race for the Midwest,2005,2450,4.0,3.94
480,7 Wonders (Second Edition),2020,2660,5.0,2.21
481,TZAAR,2007,3457,2.0,2.53
482,One Night Ultimate Werewolf,2014,23835,8.0,1.38
483,Blackout: Hong Kong,2018,4786,3.0,3.48
484,Bohnanza,1997,40910,5.0,1.67
485,Egizia,2009,5267,4.0,2.83
486,Airlines Europe,2011,7077,4.0,2.44
487,Elysium,2015,9035,0.0,2.76
488,Port Royal,2014,14846,4.0,1.62
489,Queendomino,2017,9366,2.0,2.07
490,Kemet: Blood and Sand,2021,2129,4.0,3.17
491,RoboRally,1994,23067,6.0,2.43
492,Sushi Go!,2013,39328,4.0,1.16
493,Vikings,2007,8139,3.0,2.54
494,Tales of the Arabian Nights,2009,12115,3.0,2.16
495,Vinhos,2010,4629,4.0,4.21
496,Chicago Express,2007,7792,4.0,2.78
497,Runebound (Third Edition),2015,5470,2.0,2.7
498,Last Will,2011,9585,4.0,2.72
499,Zombie Kidz Evolution,2018,3290,4.0,1.39
500,Love Letter,2019,4185,4.0,1.13
501,Pathfinder Adventure Card Game: Rise of the Runelords – Base Set,2013,12351,4.0,2.71
502,Alhambra,2003,30734,3.0,2.1
503,Pax Porfiriana,2012,3313,4.0,3.61
504,The Colonists,2016,3795,2.0,4.1
505,Karuba,2015,9708,4.0,1.45
506,Taj Mahal,2000,7350,4.0,2.99
507,Discworld: Ankh-Morpork,2011,9749,4.0,2.21
508,Cubitos,2021,3907,4.0,2.17
509,Baseball Highlights: 2045,2015,4067,2.0,2.22
510,Photosynthesis,2017,19641,3.0,2.27
511,StarCraft: The Board Game,2007,7231,4.0,3.85
512,Colosseum,2007,8671,5.0,2.76
513,Love Letter Premium,2016,4981,6.0,1.3
514,Space Empires 4X,2011,3396,2.0,3.38
515,Paperback,2014,9788,2.0,1.99
516,Furnace,2020,4314,4.0,2.22
517,Star Wars: X-Wing (Second Edition),2018,2277,2.0,3.04
518,Nexus Ops,2005,8640,4.0,2.23
519,Camel Up,2014,24455,5.0,1.47
520,Hammer of the Scots,2002,3972,2.0,2.97
521,DVONN,2001,4693,2.0,2.66
522,AquaSphere,2014,6910,4.0,3.69
523,Blitzkrieg!: World War Two in 20 Minutes,2019,3192,2.0,1.86
524,Unmatched: Robin Hood vs. Bigfoot,2019,2256,2.0,1.94
525,Star Wars: X-Wing Miniatures Game – The Force Awakens Core Set,2015,2988,2.0,2.85
526,Evolution,2014,14866,4.0,2.43
527,Dawn of the Zeds (Third Edition),2016,2035,1.0,3.8
528,Canvas,2021,4680,4.0,1.66
529,Automobile,2009,5541,5.0,3.52
530,Conan,2016,4249,4.0,2.78
531,Valeria: Card Kingdoms,2016,4763,3.0,2.0
532,Carson City,2009,6931,4.0,3.18
533,Francis Drake,2013,4813,5.0,2.92
534,Jamaica,2007,17552,6.0,1.65
535,Broom Service,2015,8971,4.0,2.41
536,Blood Bowl (2016 Edition),2016,2448,2.0,3.52
537,Through the Desert,1998,13211,3.0,2.2
538,Struggle of Empires,2004,3996,7.0,3.59
539,A Game of Thrones,2003,10337,5.0,3.45
540,Tobago,2009,11297,4.0,2.13
541,Carcassonne: Hunters and Gatherers,2002,11954,3.0,1.92
542,Las Vegas,2012,10054,4.0,1.18
543,KeyForge: Call of the Archons,2018,10375,2.0,2.46
544,Star Wars: Destiny,2016,4962,2.0,2.28
545,Nova Luna,2019,4999,2.0,1.87
546,A Game of Thrones: The Card Game (Second Edition),2015,4513,2.0,3.52
547,Gears of War: The Board Game,2011,4869,0.0,2.88
548,Zombicide,2012,17567,3.0,2.54
549,"Air, Land, and Sea",2019,3813,2.0,1.79
550,High Society,1995,10616,5.0,1.5
551,Quantum,2013,6985,4.0,2.44
552,Silver & Gold,2019,5802,4.0,1.18
553,Dice Throne: Season One,2018,4616,2.0,2.07
554,Coup,2012,39834,5.0,1.41
555,Mare Nostrum: Empires,2016,3755,5.0,3.01
556,In the Hall of the Mountain King,2019,3112,4.0,2.82
557,Thebes,2007,9434,4.0,2.16
558,Imperium: Classics,2021,2632,2.0,3.53
559,Snowdonia,2012,4763,4.0,3.0
560,The Republic of Rome,1990,4026,6.0,4.35
561,Triumph & Tragedy: European Balance of Power 1936-1945,2015,1968,3.0,3.35
562,Atlantis Rising (Second Edition),2019,2831,4.0,2.42
563,Earth Reborn,2010,3306,2.0,3.9
564,The Battle of Five Armies,2014,2479,2.0,3.59
565,Cooper Island,2019,2993,3.0,4.18
566,Pax Renaissance,2016,2110,3.0,4.43
567,Draftosaurus,2019,8646,4.0,1.26
568,Formula D,2008,18119,8.0,1.97
569,One Night Ultimate Werewolf: Daybreak,2015,5330,7.0,1.42
570,Betrayal at House on the Hill,2004,40662,6.0,2.39
571,Trains,2012,7994,3.0,2.38
572,Magic Maze,2017,17918,4.0,1.78
573,Time's Up!,1999,5377,6.0,1.21
574,Fantastic Factories,2019,3569,3.0,2.16
575,Taluva,2006,8162,2.0,2.26
576,Star Trek: Ascendancy,2016,2921,3.0,3.13
577,Project L,2020,3349,3.0,1.54
578,Summoner Wars,2009,6359,2.0,2.31
579,Zombicide: Green Horde,2018,3457,3.0,2.5
580,Cuba Libre,2013,2802,4.0,3.55
581,Fleet: The Dice Game,2018,2577,2.0,2.58
582,Belfort,2011,6142,4.0,3.05
583,Medici,1995,7558,6.0,2.26
584,Pan Am,2020,3219,4.0,2.45
585,Shakespeare,2015,4055,3.0,2.99
586,Dixit: Journey,2012,4394,6.0,1.26
587,Coloretto,2003,19136,4.0,1.28
588,Mr. Jack,2006,16434,2.0,2.18
589,Shadows of Brimstone: Swamps of Death,2014,2299,4.0,3.39
590,Lord of the Rings: The Confrontation,2002,6698,2.0,2.19
591,The Downfall of Pompeii,2004,7819,4.0,1.85
592,Exit: The Game – The Pharaoh's Tomb,2016,5954,2.0,2.8
593,Luna,2010,4779,4.0,3.33
594,Kingdom Builder,2011,21266,4.0,2.06
595,Unlock!: Heroic Adventures,2018,2657,2.0,2.26
596,Fort,2020,5665,3.0,2.43
597,Thunderstone Advance: Towers of Ruin,2012,4667,3.0,2.74
598,Smash Up: Awesome Level 9000,2013,6726,,2.13
599,Cuba,2007,8074,4.0,3.26
600,Cacao,2015,9440,3.0,1.82
601,Escape: The Curse of the Temple,2012,16128,4.0,1.48
602,HeroQuest,1989,11870,5.0,2.15
603,Myrmes,2012,5287,4.0,3.45
604,Elder Sign,2011,23499,4.0,2.35
605,Torres,1999,9139,4.0,2.86
606,Honey Buzz,2020,2487,3.0,2.73
607,6 nimmt!,1994,23888,6.0,1.2
608,Fury of Dracula (Second Edition),2005,9114,5.0,2.95
609,Specter Ops,2015,5996,3.0,2.38
610,Between Two Castles of Mad King Ludwig,2018,5021,6.0,2.21
611,Leaving Earth,2015,2606,1.0,3.72
612,Defenders of the Realm,2010,5320,4.0,2.72
613,Tokaido,2012,22741,4.0,1.75
614,Black Rose Wars,2019,2309,4.0,3.44
615,Feudum,2017,3185,4.0,4.59
616,Yamataï,2017,5994,2.0,2.96
617,Crusaders: Thy Will Be Done,2018,3186,4.0,2.43
618,ZhanGuo,2014,3026,4.0,3.83
619,Warhammer Quest: The Adventure Card Game,2015,5162,4.0,2.71
620,Steampunk Rally,2015,6236,4.0,2.59
621,D-Day at Omaha Beach,2009,1686,1.0,3.46
622,Arkwright,2014,2208,4.0,4.59
623,Wallenstein,2002,3547,5.0,3.31
624,Tash-Kalar: Arena of Legends,2013,6575,2.0,2.84
625,Love Letter: Batman,2015,5295,4.0,1.2
626,Whitehall Mystery,2017,3012,2.0,2.12
627,Telestrations: 12 Player Party Pack,2011,2462,12.0,1.07
628,Advanced Squad Leader: Starter Kit #1,2004,2496,2.0,3.76
629,The Oracle of Delphi,2016,4592,4.0,2.97
630,The Networks,2016,5847,4.0,2.58
631,Prêt-à-Porter,2010,4063,4.0,3.58
632,BANG! The Dice Game,2013,21683,7.0,1.28
633,Mexica,2002,5373,4.0,2.7
634,Vegas Showdown,2005,6191,5.0,2.36
635,Wir sind das Volk!,2014,2220,2.0,3.72
636,Aquatica,2019,3571,3.0,2.27
637,Imperial Struggle,2020,1658,2.0,3.9
638,Dragon Castle,2017,6686,2.0,1.97
639,Disney Villainous: Wicked to the Core,2019,3185,3.0,2.38
640,Onirim (Second Edition),2014,9111,1.0,1.57
641,City of the Big Shoulders,2019,2197,4.0,4.02
642,Treasure Island,2018,4910,4.0,2.27
643,Ascension: Deckbuilding Game,2010,12470,2.0,2.14
644,Shards of Infinity,2018,3312,2.0,1.98
645,Century: Eastern Wonders,2018,6387,0.0,2.11
646,Civilization: A New Dawn,2017,5310,4.0,3.09
647,Ashes Reborn: Rise of the Phoenixborn,2015,5518,2.0,2.9
648,Cribbage,1630,8955,2.0,1.9
649,Disney Villainous,2018,14227,3.0,2.44
650,Carcassonne: The Castle,2003,7846,2.0,1.98
651,My Little Scythe,2017,4668,4.0,1.99
652,K2,2010,9755,4.0,2.26
653,Middle-Earth Quest,2009,4068,3.0,3.55
654,Yspahan,2006,7891,4.0,2.37
655,Century: A New World,2019,3809,3.0,2.12
656,Eminent Domain,2011,9968,3.0,2.51
657,Between Two Cities,2015,10192,6.0,1.82
658,Shipyard,2009,3862,0.0,3.5
659,Clash of Cultures: Monumental Edition,2021,1331,4.0,3.67
660,Churchill,2015,2602,3.0,3.32
661,Arcadia Quest: Inferno,2017,2145,4.0,2.39
662,Empires: Age of Discovery,2015,2067,5.0,3.34
663,Space Hulk: Death Angel – The Card Game,2010,12713,1.0,2.42
664,Up Front,1983,2194,2.0,3.4
665,AuZtralia,2018,3803,3.0,2.94
666,Cry Havoc,2016,6334,4.0,3.27
667,A Fake Artist Goes to New York,2012,5934,7.0,1.14
668,Space Hulk,1989,3731,2.0,2.5
669,The Duke,2013,3950,2.0,2.49
670,Diplomacy,1959,12580,7.0,3.35
671,Coal Baron,2013,4518,4.0,2.55
672,Oh My Goods!,2015,10799,2.0,2.29
673,New Frontiers,2018,3015,4.0,2.87
674,Descent: Legends of the Dark,2021,2486,4.0,2.63
675,Wits & Wagers,2005,14124,7.0,1.21
676,Reef,2018,7986,0.0,1.81
677,Villagers,2019,5437,3.0,2.2
678,Zombicide Season 2: Prison Outbreak,2013,4468,3.0,2.68
679,The Estates,2018,3137,4.0,2.35
680,Ex Libris,2017,5731,3.0,2.54
681,Caverna: Cave vs Cave,2017,5797,2.0,2.59
682,Warhammer: Invasion,2009,5828,2.0,2.73
683,World Without End,2009,4793,4.0,2.81
684,Super Motherload,2015,3641,2.0,2.28
685,Kanagawa,2016,7884,4.0,2.02
686,Saint Petersburg (Second Edition),2014,3092,4.0,2.66
687,1989: Dawn of Freedom,2012,2148,2.0,3.29
688,Disney Villainous: Evil Comes Prepared,2019,2930,3.0,2.28
689,Blue Moon City,2006,8022,4.0,2.3
690,Exit: The Game – The Secret Lab,2016,6310,2.0,2.55
691,Black Angel,2019,3853,3.0,3.85
692,Vast: The Crystal Caverns,2016,6309,4.0,3.63
693,Undaunted: North Africa,2020,2032,2.0,2.29
694,Star Trek: Fleet Captains,2011,3229,2.0,3.06
695,Deep Sea Adventure,2014,12733,5.0,1.17
696,CO₂: Second Chance,2018,2711,3.0,4.08
697,King of New York,2014,15222,4.0,1.86
698,Among the Stars,2012,6907,4.0,2.24
699,Bus,1999,2660,4.0,3.05
700,Q.E.,2019,3030,5.0,1.65
701,Trismegistus: The Ultimate Formula,2019,2730,2.0,4.12
702,Panamax,2014,3767,4.0,3.75
703,Merv: The Heart of the Silk Road,2020,2475,4.0,3.45
704,878 Vikings: Invasions of England,2017,2926,2.0,2.61
705,Blokus,2000,24575,4.0,1.76
706,Washington's War,2010,2473,2.0,2.85
707,Finca,2009,7045,2.0,2.08
708,Dungeons & Dragons: The Legend of Drizzt Board Game,2011,5935,4.0,2.59
709,Summoner Wars: Alliances Master Set,2014,1725,2.0,2.72
710,Rhino Hero: Super Battle,2017,4245,4.0,1.11
711,FUSE,2015,7806,4.0,1.66
712,Crystal Palace,2019,2615,3.0,3.8
713,Squad Leader,1977,3268,2.0,4.04
714,Dogs of War,2014,2826,5.0,2.64
715,Railroad Ink: Blazing Red Edition,2018,5372,3.0,1.43
716,Vasco da Gama,2009,4398,4.0,3.23
717,Lords of Xidit,2014,5699,5.0,2.62
718,Tribune: Primus Inter Pares,2007,4515,4.0,2.87
719,"Heroes of Land, Air & Sea",2018,2615,4.0,3.33
720,Ticket to Ride: Rails & Sails,2016,3549,4.0,2.53
721,Yedo,2012,3630,4.0,3.34
722,Yellow & Yangtze,2018,1869,4.0,3.14
723,Outlive,2017,4035,4.0,3.0
724,One Deck Dungeon,2016,9456,1.0,2.04
725,Tang Garden,2020,3108,3.0,2.61
726,The Pursuit of Happiness,2015,4646,3.0,2.47
727,Jambo,2004,8106,2.0,2.07
728,XCOM: The Board Game,2015,8365,4.0,2.9
729,Conflict of Heroes: Awakening the Bear! – Russia 1941-42,2008,3013,2.0,3.0
730,Crown of Emara,2018,2968,3.0,3.09
731,Fugitive,2017,4576,2.0,1.67
732,Perudo,1800,13463,6.0,1.26
733,Combat Commander: Pacific,2008,1572,2.0,3.23
734,Reef Encounter,2004,5030,3.0,3.68
735,13 Days: The Cuban Missile Crisis,2016,4111,2.0,2.34
736,The Mind,2018,23974,4.0,1.07
737,ZÈRTZ,1999,4070,2.0,2.75
738,Ricochet Robots,1999,8421,6.0,2.4
739,Trails of Tucana,2019,2849,5.0,1.26
740,Marvel Dice Masters: Avengers vs. X-Men,2014,5616,2.0,2.3
741,Red7,2014,13986,4.0,1.69
742,Napoleon's Triumph,2007,1743,2.0,3.65
743,Not Alone,2016,9142,5.0,1.98
744,Scoville,2014,5067,4.0,2.78
745,Spyfall,2014,19543,6.0,1.24
746,Gentes,2017,2878,4.0,3.18
747,Friedrich,2004,2633,4.0,3.15
748,Tajemnicze Domostwo,2013,5079,5.0,1.86
749,Chronicles of Crime: 1400,2020,2288,2.0,2.12
750,Star Wars: The Card Game,2012,5522,2.0,2.97
751,Empire of the Sun,2005,1611,2.0,4.3
752,Tinners' Trail,2008,3910,4.0,2.83
753,Spyrium,2013,6014,4.0,2.9
754,Carcassonne: The City,2004,4314,3.0,2.26
755,Can't Stop,1980,15018,3.0,1.15
756,Celestia,2015,9513,6.0,1.33
757,Detective: City of Angels,2019,1734,3.0,2.38
758,Pandemic: Rising Tide,2017,2438,3.0,2.46
759,Union Pacific,1999,4239,5.0,2.55
760,Dice Hospital,2018,4713,3.0,2.3
761,The Bloody Inn,2015,7362,4.0,2.37
762,Hyperborea,2014,4612,4.0,3.17
763,Brew Crafters,2013,2958,4.0,3.57
764,Unfair,2017,4081,4.0,2.7
765,Sub Terra,2017,3781,0.0,2.13
766,Catacombs (Third Edition),2015,2574,2.0,2.26
767,Dale of Merchants,2015,4561,3.0,2.08
768,Warhammer Underworlds: Shadespire,2017,2707,2.0,2.49
769,Tammany Hall,2007,3727,5.0,2.77
770,Ca$h 'n Guns (Second Edition),2014,13698,8.0,1.25
771,Diamant,2005,18523,8.0,1.11
772,The Magnificent,2019,2409,0.0,3.14
773,New York Zoo,2020,4205,3.0,1.99
774,Tumblin-Dice,2004,4155,4.0,1.04
775,Menara,2018,2757,3.0,1.59
776,Thunderstone,2009,10313,3.0,2.5
777,Summoner Wars (Second Edition),2021,1378,2.0,2.48
778,Unlock!: Timeless Adventures,2019,1769,2.0,2.06
779,Virgin Queen,2012,1609,6.0,4.42
780,Signorie,2015,2889,4.0,3.55
781,Santiago,2003,4985,5.0,2.49
782,The Palaces of Carrara,2012,4382,4.0,2.61
783,Morels,2012,7958,2.0,1.74
784,Summoner Wars: Phoenix Elves vs Tundra Orcs,2009,2608,2.0,2.31
785,San Marco,2001,4349,3.0,2.68
786,The Shipwreck Arcana,2017,2652,4.0,2.14
787,Forbidden Island,2010,45454,4.0,1.74
788,Conflict of Heroes: Awakening the Bear! – Operation Barbarossa 1941 (Second Edition),2012,1788,2.0,3.26
789,Legendary: A Marvel Deck Building Game – Villains,2014,2642,3.0,2.71
790,Akrotiri,2014,4059,2.0,2.66
791,Homesteaders,2009,3773,4.0,3.04
792,Rhino Hero,2011,9481,3.0,1.02
793,Roll Through the Ages: The Bronze Age,2008,11745,2.0,1.78
794,Last Night on Earth: The Zombie Game,2007,13802,5.0,2.29
795,Container,2007,4518,5.0,3.24
796,Hannibal & Hamilcar,2018,1385,2.0,3.94
797,Wizard,1984,9531,5.0,1.73
798,Cerebria: The Inside World,2018,2057,2.0,4.33
799,Bridge,1925,2962,4.0,3.86
800,The Lost Expedition,2017,5831,1.0,1.86
801,Genoa,2001,6008,5.0,3.08
802,Kitchen Rush,2017,3334,4.0,2.21
803,Whistle Mountain,2020,1928,3.0,3.0
804,Pictomania,2011,3503,6.0,1.51
805,Letter Jam,2019,3433,6.0,1.98
806,Maharaja: The Game of Palace Building in India,2004,4975,5.0,3.17
807,Boonlake,2021,1790,3.0,3.76
808,Louis XIV,2005,5401,4.0,3.01
809,Smash Up: Science Fiction Double Feature,2014,3855,,2.3
810,Summoner Wars: Guild Dwarves vs Cave Goblins,2009,2373,2.0,2.23
811,Core Worlds,2011,4106,3.0,2.9
812,Qwixx,2012,11121,4.0,1.11
813,Project: ELITE,2020,1494,4.0,2.38
814,Heroscape Master Set: Swarm of the Marro,2007,2319,2.0,2.25
815,The Others,2016,3640,5.0,3.02
816,Tragedy Looper,2011,4206,4.0,3.53
817,Thunder Alley,2014,3322,5.0,2.39
818,Battle for Rokugan,2017,2897,4.0,2.74
819,Lanterns: The Harvest Festival,2015,10391,4.0,1.56
820,Palm Island,2018,4532,1.0,1.72
821,Web of Power,2000,3427,3.0,2.44
822,Wasteland Express Delivery Service,2017,3097,3.0,2.94
823,Dungeons & Dragons: Wrath of Ashardalon Board Game,2011,6180,4.0,2.61
824,Age of Industry,2010,2916,4.0,3.37
825,Mahjong,1850,6862,4.0,2.57
826,Britannia,1986,4130,4.0,3.16
827,Adrenaline,2016,6021,5.0,2.38
828,Last Bastion,2019,2381,4.0,2.56
829,Hawaii,2011,4349,4.0,2.9
830,Ascension: Storm of Souls,2011,3484,2.0,2.33
831,SpaceCorp: 2025-2300AD,2018,2063,3.0,2.94
832,Legacy: The Testament of Duke de Crecy,2013,4167,0.0,2.71
833,Dream Factory,2000,5223,5.0,2.11
834,Parade,2007,6576,4.0,1.47
835,The Castles of Burgundy: The Card Game,2016,6280,2.0,2.57
836,Jaws,2019,4378,4.0,2.19
837,Blue Lagoon,2018,3750,4.0,2.03
838,Tiny Epic Quest,2017,6733,4.0,2.65
839,Red Rising,2021,4442,3.0,2.27
840,Attika,2003,6435,2.0,2.37
841,Zooloretto,2007,14453,4.0,1.86
842,Dungeons & Dragons: Castle Ravenloft Board Game,2010,8787,4.0,2.51
843,Splendor: Marvel,2020,2188,3.0,1.9
844,Concept,2013,17284,6.0,1.39
845,IKI,2015,1910,4.0,2.98
846,Call to Adventure,2019,4626,3.0,2.02
847,Snow Tails,2008,6214,5.0,2.05
848,5-Minute Dungeon,2017,7933,5.0,1.11
849,Flick 'em Up!,2015,8367,4.0,1.33
850,Fabled Fruit,2016,5529,4.0,1.59
851,Werewords,2017,4119,7.0,1.16
852,The City of Kings,2018,2293,1.0,3.18
853,Meeple Circus,2017,4922,5.0,1.45
854,Raccoon Tycoon,2018,2932,4.0,2.08
855,Etherfields,2020,1945,2.0,3.44
856,Lovecraft Letter,2017,3591,5.0,1.45
857,DC Comics Deck-Building Game,2012,6771,3.0,2.0
858,Bloodborne: The Board Game,2021,2071,2.0,2.94
859,Zombicide: Invader,2019,1986,3.0,2.39
860,Luxor,2018,3760,4.0,1.91
861,Tak,2017,2385,2.0,2.48
862,Qwirkle,2006,17652,4.0,1.62
863,DinoGenics,2019,2004,4.0,2.9
864,The Grimm Forest,2018,5097,4.0,1.91
865,Gold West,2015,2752,3.0,2.46
866,Istanbul: The Dice Game,2017,3860,3.0,1.75
867,Rurik: Dawn of Kiev,2019,1783,4.0,3.04
868,Lowlands,2018,2499,3.0,3.1
869,La Città,2000,5155,4.0,3.28
870,Disney Villainous: Perfectly Wretched,2020,1988,3.0,2.31
871,Antike,2005,4647,5.0,3.0
872,Paris: La Cité de la Lumière,2019,2796,2.0,2.04
873,Coffee Roaster,2015,2408,1.0,2.13
874,Legendary Encounters: A Predator Deck Building Game,2015,2558,3.0,2.68
875,Ascension: Return of the Fallen,2011,3231,2.0,2.16
876,Unfathomable,2021,1905,5.0,2.97
877,Discoveries: The Journals of Lewis & Clark,2015,4656,3.0,2.36
878,Polis: Fight for the Hegemony,2012,2247,2.0,3.69
879,Detective Club,2018,2587,7.0,1.27
880,Marvel Dice Masters: Uncanny X-Men,2014,3765,2.0,2.37
881,The Speicherstadt,2010,4920,4.0,2.27
882,Automobiles,2016,3095,4.0,2.19
883,Star Wars: The Queen's Gambit,2000,2152,2.0,2.48
884,Space Hulk (Fourth Edition),2014,1681,2.0,2.71
885,History of the World,1991,4448,6.0,2.77
886,Kingsburg (Second Edition),2017,2390,4.0,2.45
887,Santa Monica,2020,2767,0.0,2.18
888,Mr. Jack Pocket,2010,8111,2.0,1.83
889,Zombicide Season 3: Rue Morgue,2015,2591,3.0,2.49
890,Star Trek: Frontiers,2016,1681,1.0,4.32
891,Condottiere,1995,9217,5.0,1.96
892,Circadians: First Light,2019,1936,2.0,3.46
893,Roam,2019,2617,3.0,1.8
894,Railroad Revolution,2016,2628,3.0,3.26
895,Smash Up: Pretty Pretty Smash Up,2015,3388,,2.14
896,Mint Works,2017,5740,0.0,1.69
897,Merchant of Venus (Second Edition),2012,3714,3.0,3.01
898,World's Fair 1893,2016,3535,4.0,2.0
899,Manila,2005,5744,4.0,2.03
900,Herbaceous,2017,4432,4.0,1.2
901,Valley of the Kings,2014,4517,2.0,2.19
902,Cottage Garden,2016,7706,3.0,1.9
903,Black Fleet,2014,5186,4.0,1.95
904,CO₂,2012,3790,4.0,3.87
905,Rivals for Catan,2010,6544,2.0,2.32
906,Majesty: For the Realm,2017,5729,4.0,1.73
907,Riverboat,2017,2253,4.0,2.9
908,Fields of Green,2016,3506,2.0,2.66
909,Cartographers Heroes,2021,1423,4.0,2.16
910,Wiz-War (Eighth Edition),2012,4810,4.0,2.32
911,Empires of the Void II,2018,2177,3.0,3.47
912,Firenze,2010,2970,3.0,2.55
913,Winner's Circle,2001,5277,6.0,1.61
914,Caylus 1303,2019,2056,4.0,2.91
915,"Warhammer 40,000: Conquest",2014,3013,2.0,3.04
916,Islebound,2016,3336,4.0,2.71
917,Falling Sky: The Gallic Revolt Against Caesar,2016,1576,4.0,3.99
918,Ticket to Ride: New York,2018,5591,0.0,1.23
919,Thunderstone: Dragonspire,2011,2681,3.0,2.7
920,Unmatched: Jurassic Park – InGen vs Raptors,2020,1258,2.0,1.88
921,"Time of Crisis: The Roman Empire in Turmoil, 235-284 AD",2017,1905,4.0,2.99
922,Cat Lady,2017,4566,0.0,1.42
923,Bitoku,2021,1474,3.0,3.68
924,A Distant Plain,2013,1609,4.0,3.82
925,Nations: The Dice Game,2014,5277,4.0,2.0
926,Rex: Final Days of an Empire,2012,4348,6.0,3.28
927,A Study in Emerald,2013,3236,5.0,3.45
928,Ohanami,2019,2531,3.0,1.13
929,Smash Up: Monster Smash,2014,3058,,2.26
930,"Hey, That's My Fish!",2003,20327,3.0,1.45
931,Babylonia,2019,1653,4.0,2.4
932,Container: 10th Anniversary Jumbo Edition!,2018,1726,5.0,2.96
933,ICECOOL,2016,9551,4.0,1.03
934,BattleCON: War of Indines,2010,1843,2.0,2.77
935,Wildlands,2018,2904,4.0,2.12
936,Clinic: Deluxe Edition,2019,1739,3.0,4.08
937,Tide of Iron,2007,3791,2.0,3.46
938,Netrunner,1996,2379,2.0,2.93
939,Shikoku 1889,2004,1333,4.0,3.89
940,The Big Book of Madness,2015,6186,3.0,2.68
941,NMBR 9,2017,6516,4.0,1.21
942,Dice Town,2009,7140,5.0,1.69
943,Tales & Games: The Hare & the Tortoise,2011,3888,4.0,1.38
944,When I Dream,2016,4715,6.0,1.19
945,Black Sonata,2017,2128,1.0,2.09
946,Loony Quest,2015,5975,4.0,1.2
947,Reavers of Midgard,2019,2287,4.0,2.91
948,Via Nebula,2016,4178,4.0,2.22
949,Wilderness War,2001,1760,2.0,3.29
950,Zendo,2001,2927,4.0,2.54
951,So Clover!,2021,1848,4.0,1.09
952,Vinci,1999,3991,4.0,2.78
953,Irish Gauge,2014,2543,4.0,2.39
954,Batman: Gotham City Chronicles,2019,2347,2.0,3.7
955,The Lord of the Rings,2000,14932,4.0,2.56
956,Imperium: Legends,2021,1413,1.0,3.68
957,A War of Whispers,2019,2359,4.0,2.56
958,Stronghold,2009,3422,2.0,3.68
959,Metropolys,2008,4106,4.0,2.21
960,Axis & Allies Anniversary Edition,2008,2777,0.0,3.09
961,Fauna,2008,4248,5.0,1.48
962,Paper Tales,2017,4102,4.0,2.13
963,Mr. Jack in New York,2009,3169,2.0,2.54
964,Terror in Meeple City,2013,7327,4.0,1.48
965,Archaeology: The New Expedition,2016,3374,0.0,1.28
966,Abomination: The Heir of Frankenstein,2019,2188,3.0,3.25
967,Tidal Blades: Heroes of the Reef,2020,1920,3.0,2.89
968,Shadowrun: Crossfire,2014,3541,4.0,2.82
969,Era: Medieval Age,2019,2933,2.0,2.33
970,Smash Up,2012,25194,3.0,2.06
971,Dream Home,2016,6341,4.0,1.67
972,Linko!,2014,4434,4.0,1.4
973,Ikusa,1986,5024,5.0,2.95
974,China,2005,4401,3.0,2.29
975,Two Rooms and a Boom,2013,4692,10.0,1.43
976,Quartermaster General,2014,2553,6.0,2.29
977,Quarriors!,2011,13468,0.0,1.97
978,Runebound: Second Edition,2005,7892,2.0,2.68
979,Hardback,2018,2851,0.0,2.13
980,Massive Darkness,2017,4381,4.0,2.54
981,Ambush!,1983,2259,1.0,3.25
982,Zombicide: 2nd Edition,2021,1510,3.0,2.51
983,Ecos: First Continent,2019,3131,4.0,2.6
984,Battle Cry,1999,3484,2.0,2.1
985,Diamonds: Second Edition,2014,5146,5.0,1.55
986,Ghost Fightin' Treasure Hunters,2013,3379,4.0,1.63
987,Eight-Minute Empire: Legends,2013,4845,4.0,1.98
988,Dominant Species: Marine,2021,1163,4.0,3.89
989,Orchard: A 9 card solitaire game,2018,2201,1.0,1.18
990,Battles of Westeros,2010,2901,2.0,3.22
991,Unlock!: Epic Adventures,2019,1429,2.0,2.15
992,Explorers of the North Sea,2016,2533,4.0,2.13
993,Tiny Epic Dinosaurs,2020,2257,0.0,2.57
994,Warhammer Quest,1995,2448,4.0,2.69
995,Deep Space D-6,2015,3098,1.0,1.68
996,Yggdrasil,2011,3874,0.0,2.6
997,Warp's Edge,2020,1441,1.0,2.42
998,Tsuro,2005,25241,4.0,1.23
999,Little Town,2017,2821,4.0,1.94
1000,Automania,2015,2326,4.0,2.73
1001,Gloomhaven,2017,49863,3.0,3.87
1002,Pandemic Legacy: Season 1,2015,46284,4.0,2.83
1003,Brass: Birmingham,2018,27763,4.0,3.9
1004,Terraforming Mars,2016,77754,3.0,3.25
1005,Gloomhaven: Jaws of the Lion,2020,18997,2.0,3.59
1006,Twilight Imperium: Fourth Edition,2017,16976,6.0,4.26
1007,Gaia Project,2017,20456,4.0,4.37
1008,Star Wars: Rebellion,2016,26497,2.0,3.73
1009,Spirit Island,2017,34758,2.0,4.04
1010,War of the Ring: Second Edition,2011,16194,2.0,4.18
1011,Through the Ages: A New Story of Civilization,2015,26490,3.0,4.42
1012,Great Western Trail,2016,34216,3.0,3.71
1013,Twilight Struggle,2005,43834,2.0,3.6
1014,Scythe,2016,67426,4.0,3.43
1015,Dune: Imperium,2020,19318,4.0,2.99
1016,The Castles of Burgundy,2011,52209,2.0,3.0
1017,Nemesis,2018,19539,5.0,3.39
1018,7 Wonders Duel,2015,73155,2.0,2.22
1019,Concordia,2013,32805,4.0,3.01
1020,Brass: Lancashire,2007,21417,4.0,3.86
1021,Terra Mystica,2012,42732,4.0,3.97
1022,A Feast for Odin,2016,21615,3.0,3.85
1023,Wingspan,2019,61176,3.0,2.44
1024,Arkham Horror: The Card Game,2016,34796,2.0,3.49
1025,Root,2018,34193,4.0,3.73
1026,Viticulture Essential Edition,2015,36942,4.0,2.89
1027,Everdell,2018,32647,3.0,2.81
1028,Clank!: Legacy – Acquisitions Incorporated,2019,5683,4.0,2.7
1029,Orléans,2014,25563,4.0,3.04
1030,Mage Knight Board Game,2011,29960,2.0,4.33
1031,Eclipse: Second Dawn for the Galaxy,2020,6558,4.0,3.59
1032,Lost Ruins of Arnak,2020,21734,3.0,2.87
1033,Ark Nova,2021,5517,2.0,3.74
1034,Food Chain Magnate,2015,16115,4.0,4.21
1035,Puerto Rico,2002,66284,4.0,3.28
1036,Caverna: The Cave Farmers,2013,30426,4.0,3.79
1037,Marvel Champions: The Card Game,2019,15652,2.0,2.87
1038,Blood Rage,2015,39043,4.0,2.88
1039,Too Many Bones,2017,8403,3.0,3.85
1040,Barrage,2019,10465,4.0,4.07
1041,Agricola,2007,67129,4.0,3.64
1042,Maracaibo,2019,11621,3.0,3.89
1043,Underwater Cities,2018,13727,2.0,3.6
1044,Pax Pamir: Second Edition,2019,7838,4.0,3.81
1045,Pandemic Legacy: Season 2,2017,14196,4.0,3.24
1046,Mansions of Madness: Second Edition,2016,29742,4.0,2.67
1047,The Crew: The Quest for Planet Nine,2019,27989,4.0,1.98
1048,Anachrony,2017,13952,3.0,4.01
1049,Tzolk'in: The Mayan Calendar,2012,34154,4.0,3.67
1050,Power Grid,2004,59599,5.0,3.26
1051,Clans of Caledonia,2017,17361,4.0,3.46
1052,On Mars,2020,8479,3.0,4.65
1053,Kingdom Death: Monster,2015,8341,4.0,4.26
1054,Mechs vs. Minions,2016,15507,4.0,2.43
1055,Le Havre,2008,28592,3.0,3.73
1056,Star Wars: Imperial Assault,2014,22259,2.0,3.3
1057,The 7th Continent,2017,19459,2.0,2.9
1058,The Quacks of Quedlinburg,2018,32708,4.0,1.95
1059,Crokinole,1876,13996,2.0,1.25
1060,Lisboa,2017,8268,3.0,4.57
1061,The Gallerist,2015,11602,4.0,4.26
1062,Azul,2017,66733,2.0,1.77
1063,Eclipse,2011,27044,4.0,3.7
1064,Paladins of the West Kingdom,2019,12207,2.0,3.7
1065,Aeon's End,2016,14890,2.0,2.79
1066,Through the Ages: A Story of Civilization,2006,18501,3.0,4.17
1067,Android: Netrunner,2012,28040,2.0,3.4
1068,Pandemic Legacy: Season 0,2020,4291,0.0,3.04
1069,Race for the Galaxy,2007,49828,2.0,2.99
1070,Clank!: A Deck-Building Adventure,2016,33535,3.0,2.22
1071,Fields of Arle,2014,9373,2.0,3.87
1072,Robinson Crusoe: Adventures on the Cursed Island,2012,38121,0.0,3.8
1073,Teotihuacan: City of Gods,2018,15942,4.0,3.77
1074,Five Tribes,2014,35814,2.0,2.85
1075,The Voyages of Marco Polo,2015,22323,4.0,3.19
1076,7 Wonders,2010,92171,5.0,2.33
1077,Agricola (Revised Edition),2016,12536,4.0,3.5
1078,The Crew: Mission Deep Sea,2021,4881,4.0,2.01
1079,Lords of Waterdeep,2012,49709,4.0,2.46
1080,Dominant Species,2010,19054,4.0,4.04
1081,Grand Austria Hotel,2015,15330,2.0,3.22
1082,Tainted Grail: The Fall of Avalon,2019,8791,2.0,3.3
1083,Architects of the West Kingdom,2018,21885,4.0,2.76
1084,Cascadia,2021,8314,3.0,1.9
1085,Keyflower,2012,20532,4.0,3.34
1086,El Grande,1995,25003,5.0,3.05
1087,Caylus,2005,27750,3.0,3.8
1088,Battlestar Galactica: The Board Game,2008,34361,5.0,3.25
1089,Twilight Imperium: Third Edition,2005,18752,6.0,4.25
1090,Troyes,2010,20708,3.0,3.46
1091,Dominion: Intrigue,2009,31628,3.0,2.42
1092,The Lord of the Rings: Journeys in Middle-Earth,2019,12092,2.0,2.6
1093,Mombasa,2015,11893,4.0,3.89
1094,Raiders of the North Sea,2015,19187,3.0,2.54
1095,Eldritch Horror,2013,32201,4.0,3.32
1096,Kanban EV,2020,3557,3.0,4.36
1097,Lorenzo il Magnifico,2016,11246,4.0,3.3
1098,Tigris & Euphrates,1997,26576,4.0,3.51
1099,Rising Sun,2018,18106,5.0,3.28
1100,Patchwork,2014,54450,2.0,1.62
